{
  "tolerance": 1e-05,
  "runs": {
    "instruct3_qwen_nosched": {
      "trajectory": {
        "1880": 0.9029169179465739
      },
      "final_step": 1880,
      "final": {
        "overall_sparsity": 0.9029169179465739,
        "by_type": {
          "down_proj": 0.8711235636756534,
          "embed": 0.9835001121892081,
          "gate_proj": 0.8907279741196406,
          "k_proj": 0.8555793762207031,
          "norm": 0.9965057373046875,
          "o_proj": 0.8634036779403687,
          "q_proj": 0.8680284023284912,
          "up_proj": 0.8804335594177246,
          "v_proj": 0.8719774654933384
        },
        "by_layer": {
          "-1": 0.9835002209772862,
          "0": 0.8847930550131002,
          "1": 0.8811689241281387,
          "2": 0.8773900663558398,
          "3": 0.8821220137837882,
          "4": 0.8815097809769077,
          "5": 0.8827804612361471,
          "6": 0.8756423009324806,
          "7": 0.8782305117861967,
          "8": 0.875294324358411,
          "9": 0.8734120469820501,
          "10": 0.872219048011359,
          "11": 0.8663564627780761,
          "12": 0.870490607556673,
          "13": 0.8638749206659181,
          "14": 0.858749290570229,
          "15": 0.859323509129522,
          "16": 0.8566372113459942,
          "17": 0.8623908393545867,
          "18": 0.8613457653908119,
          "19": 0.8632265806807271,
          "20": 0.8708061003840584,
          "21": 0.8769558902504516,
          "22": 0.8820791682940324,
          "23": 0.886204731260883,
          "24": 0.8851827964043353,
          "25": 0.884661403664014,
          "26": 0.8820749091726472,
          "27": 0.8911598693632118
        }
      }
    }
  },
  "overlaps": {}
}