{
  "label": "Qwen3 (w/o Conv. data)",
  "topiocqa": {
    "MAP@10": 0.13348,
    "NDCG@1": 0.0891,
    "NDCG@3": 0.12657,
    "NDCG@5": 0.14174,
    "NDCG@10": 0.16125,
    "P@1": 0.0891,
    "P@3": 0.05131,
    "P@5": 0.03819,
    "P@10": 0.02518,
    "Recall@5": 0.19093,
    "Recall@50": 0.40971,
    "Recall@100": 0.47892,
    "Recall@1000": 0.65911,
    "MRR@1": 0.0891,
    "MRR@3": 0.11714,
    "MRR@5": 0.12552,
    "MRR@10": 0.13348
  },
  "beir": {
    "msmarco": {
      "MAP@10": 0.31099,
      "NDCG@1": 0.19756,
      "NDCG@3": 0.29879,
      "NDCG@5": 0.33863,
      "NDCG@10": 0.37996,
      "P@1": 0.19756,
      "P@3": 0.12856,
      "P@5": 0.09722,
      "P@10": 0.06201,
      "Recall@5": 0.46786,
      "Recall@50": 0.81607,
      "Recall@100": 0.87896,
      "Recall@1000": 0.9795,
      "MRR@1": 0.19756,
      "MRR@3": 0.27729,
      "MRR@5": 0.29953,
      "MRR@10": 0.31651
    },
    "scifact": {
      "MAP@10": 0.64859,
      "NDCG@1": 0.55667,
      "NDCG@3": 0.6564,
      "NDCG@5": 0.67423,
      "NDCG@10": 0.69862,
      "P@1": 0.55667,
      "P@3": 0.26444,
      "P@5": 0.172,
      "P@10": 0.09533,
      "Recall@5": 0.76967,
      "Recall@50": 0.92333,
      "Recall@100": 0.96333,
      "Recall@1000": 0.99667,
      "MRR@1": 0.55667,
      "MRR@3": 0.64056,
      "MRR@5": 0.64989,
      "MRR@10": 0.65868
    },
    "trec-covid": {
      "MAP@10": 0.02315,
      "NDCG@1": 0.93,
      "NDCG@3": 0.91469,
      "NDCG@5": 0.9077,
      "NDCG@10": 0.89159,
      "P@1": 0.94,
      "P@3": 0.94,
      "P@5": 0.932,
      "P@10": 0.916,
      "Recall@5": 0.01244,
      "Recall@50": 0.10404,
      "Recall@100": 0.18435,
      "Recall@1000": 0.59234,
      "MRR@1": 0.94,
      "MRR@3": 0.97,
      "MRR@5": 0.97,
      "MRR@10": 0.97
    },
    "nfcorpus": {
      "MAP@10": 0.13484,
      "NDCG@1": 0.45511,
      "NDCG@3": 0.41386,
      "NDCG@5": 0.3925,
      "NDCG@10": 0.36093,
      "P@1": 0.47059,
      "P@3": 0.39112,
      "P@5": 0.3418,
      "P@10": 0.26873,
      "Recall@5": 0.13789,
      "Recall@50": 0.2736,
      "Recall@100": 0.32729,
      "Recall@1000": 0.65993,
      "MRR@1": 0.47678,
      "MRR@3": 0.54334,
      "MRR@5": 0.5565,
      "MRR@10": 0.56243
    },
    "fiqa": {
      "MAP@10": 0.38166,
      "NDCG@1": 0.4429,
      "NDCG@3": 0.42609,
      "NDCG@5": 0.43756,
      "NDCG@10": 0.47014,
      "P@1": 0.4429,
      "P@3": 0.28395,
      "P@5": 0.20525,
      "P@10": 0.12932,
      "Recall@5": 0.45854,
      "Recall@50": 0.73415,
      "Recall@100": 0.81204,
      "Recall@1000": 0.94779,
      "MRR@1": 0.4429,
      "MRR@3": 0.52392,
      "MRR@5": 0.5348,
      "MRR@10": 0.54682
    },
    "arguana": {
      "MAP@10": 0.61322,
      "NDCG@1": 0.44595,
      "NDCG@3": 0.62114,
      "NDCG@5": 0.66375,
      "NDCG@10": 0.69214,
      "P@1": 0.44595,
      "P@3": 0.24893,
      "P@5": 0.17013,
      "P@10": 0.09374,
      "Recall@5": 0.85064,
      "Recall@50": 0.99218,
      "Recall@100": 0.99573,
      "Recall@1000": 0.99644,
      "MRR@1": 0.45306,
      "MRR@3": 0.58013,
      "MRR@5": 0.60371,
      "MRR@10": 0.61575
    },
    "webis-touche2020": {
      "MAP@10": 0.12269,
      "NDCG@1": 0.40816,
      "NDCG@3": 0.38093,
      "NDCG@5": 0.33957,
      "NDCG@10": 0.32126,
      "P@1": 0.44898,
      "P@3": 0.39456,
      "P@5": 0.33061,
      "P@10": 0.28367,
      "Recall@5": 0.11275,
      "Recall@50": 0.4209,
      "Recall@100": 0.52719,
      "Recall@1000": 0.86415,
      "MRR@1": 0.44898,
      "MRR@3": 0.57483,
      "MRR@5": 0.58912,
      "MRR@10": 0.60521
    },
    "quora": {
      "MAP@10": 0.84218,
      "NDCG@1": 0.806,
      "NDCG@3": 0.85137,
      "NDCG@5": 0.86747,
      "NDCG@10": 0.88034,
      "P@1": 0.806,
      "P@3": 0.37237,
      "P@5": 0.24502,
      "P@10": 0.13363,
      "Recall@5": 0.91622,
      "Recall@50": 0.99023,
      "Recall@100": 0.99536,
      "Recall@1000": 0.99954,
      "MRR@1": 0.8061,
      "MRR@3": 0.86095,
      "MRR@5": 0.86783,
      "MRR@10": 0.87096
    },
    "scidocs": {
      "MAP@10": 0.146,
      "NDCG@1": 0.277,
      "NDCG@3": 0.22508,
      "NDCG@5": 0.2008,
      "NDCG@10": 0.24149,
      "P@1": 0.277,
      "P@3": 0.20967,
      "P@5": 0.178,
      "P@10": 0.1258,
      "Recall@5": 0.18052,
      "Recall@50": 0.43943,
      "Recall@100": 0.52993,
      "Recall@1000": 0.80763,
      "MRR@1": 0.277,
      "MRR@3": 0.3645,
      "MRR@5": 0.38825,
      "MRR@10": 0.40234
    },
    "nq": {
      "MAP@10": 0.45806,
      "NDCG@1": 0.34676,
      "NDCG@3": 0.45529,
      "NDCG@5": 0.496,
      "NDCG@10": 0.53382,
      "P@1": 0.34676,
      "P@3": 0.20722,
      "P@5": 0.14832,
      "P@10": 0.08795,
      "Recall@5": 0.62932,
      "Recall@50": 0.89192,
      "Recall@100": 0.932,
      "Recall@1000": 0.9825,
      "MRR@1": 0.34676,
      "MRR@3": 0.44906,
      "MRR@5": 0.46934,
      "MRR@10": 0.48347
    },
    "hotpotqa": {
      "MAP@10": 0.56646,
      "NDCG@1": 0.76962,
      "NDCG@3": 0.61287,
      "NDCG@5": 0.63718,
      "NDCG@10": 0.65674,
      "P@1": 0.76962,
      "P@3": 0.38515,
      "P@5": 0.25029,
      "P@10": 0.13492,
      "Recall@5": 0.62573,
      "Recall@50": 0.76172,
      "Recall@100": 0.79453,
      "Recall@1000": 0.88542,
      "MRR@1": 0.76962,
      "MRR@3": 0.81846,
      "MRR@5": 0.825,
      "MRR@10": 0.82855
    },
    "dbpedia-entity": {
      "MAP@10": 0.18474,
      "NDCG@1": 0.545,
      "NDCG@3": 0.44103,
      "NDCG@5": 0.41641,
      "NDCG@10": 0.39573,
      "P@1": 0.6675,
      "P@3": 0.47417,
      "P@5": 0.4015,
      "P@10": 0.3115,
      "Recall@5": 0.18402,
      "Recall@50": 0.42021,
      "Recall@100": 0.50281,
      "Recall@1000": 0.74562,
      "MRR@1": 0.6675,
      "MRR@3": 0.72708,
      "MRR@5": 0.74008,
      "MRR@10": 0.74686
    },
    "fever": {
      "MAP@10": 0.84276,
      "NDCG@1": 0.82538,
      "NDCG@3": 0.86614,
      "NDCG@5": 0.87451,
      "NDCG@10": 0.87923,
      "P@1": 0.82538,
      "P@3": 0.32733,
      "P@5": 0.20189,
      "P@10": 0.10297,
      "Recall@5": 0.92547,
      "Recall@50": 0.95447,
      "Recall@100": 0.95873,
      "Recall@1000": 0.97191,
      "MRR@1": 0.82538,
      "MRR@3": 0.88966,
      "MRR@5": 0.89449,
      "MRR@10": 0.89606
    },
    "climate-fever": {
      "MAP@10": 0.31709,
      "NDCG@1": 0.42085,
      "NDCG@3": 0.36125,
      "NDCG@5": 0.38217,
      "NDCG@10": 0.4199,
      "P@1": 0.42085,
      "P@3": 0.27318,
      "P@5": 0.2056,
      "P@10": 0.12782,
      "Recall@5": 0.39517,
      "Recall@50": 0.63152,
      "Recall@100": 0.69625,
      "Recall@1000": 0.8509,
      "MRR@1": 0.42085,
      "MRR@3": 0.5228,
      "MRR@5": 0.53938,
      "MRR@10": 0.54912
    }
  }
}