{
  "template_version": "v2",
  "conv_instruction": "Given a conversation between a user and an AI assistant, retrieve passages that answer the user's last question.",
  "max_query_length": 64,
  "max_response_length": 64,
  "max_concat_length": 512,
  "topiocqa": {
    "MAP@10": 0.16763,
    "NDCG@1": 0.11138,
    "NDCG@3": 0.16052,
    "NDCG@5": 0.17853,
    "NDCG@10": 0.20125,
    "P@1": 0.11138,
    "P@3": 0.06523,
    "P@5": 0.04789,
    "P@10": 0.03103,
    "Recall@5": 0.23946,
    "Recall@50": 0.46698,
    "Recall@100": 0.53182,
    "Recall@1000": 0.68695,
    "MRR@1": 0.11138,
    "MRR@3": 0.14837,
    "MRR@5": 0.15835,
    "MRR@10": 0.16763
  }
}