{
  "qwen_cl_root2": {
    "label": "CL-root2",
    "beir": {
      "msmarco": {
        "MAP@10": 0.2406,
        "NDCG@1": 0.14628,
        "NDCG@3": 0.22816,
        "NDCG@5": 0.26433,
        "NDCG@10": 0.29959,
        "P@1": 0.14628,
        "P@3": 0.09933,
        "P@5": 0.07791,
        "P@10": 0.05036,
        "Recall@5": 0.3757,
        "Recall@50": 0.72098,
        "Recall@100": 0.79883,
        "Recall@1000": 0.95063,
        "MRR@1": 0.14628,
        "MRR@3": 0.21034,
        "MRR@5": 0.23056,
        "MRR@10": 0.24511
      },
      "scifact": {
        "MAP@10": 0.59377,
        "NDCG@1": 0.50333,
        "NDCG@3": 0.58769,
        "NDCG@5": 0.62225,
        "NDCG@10": 0.6462,
        "P@1": 0.50333,
        "P@3": 0.23556,
        "P@5": 0.16267,
        "P@10": 0.09,
        "Recall@5": 0.72667,
        "Recall@50": 0.90767,
        "Recall@100": 0.94333,
        "Recall@1000": 1.0,
        "MRR@1": 0.50333,
        "MRR@3": 0.57667,
        "MRR@5": 0.59517,
        "MRR@10": 0.60443
      },
      "trec-covid": {
        "MAP@10": 0.0199,
        "NDCG@1": 0.88,
        "NDCG@3": 0.8252,
        "NDCG@5": 0.81165,
        "NDCG@10": 0.78571,
        "P@1": 0.92,
        "P@3": 0.85333,
        "P@5": 0.844,
        "P@10": 0.816,
        "Recall@5": 0.01117,
        "Recall@50": 0.09019,
        "Recall@100": 0.1557,
        "Recall@1000": 0.51776,
        "MRR@1": 0.92,
        "MRR@3": 0.96,
        "MRR@5": 0.96,
        "MRR@10": 0.96
      },
      "nfcorpus": {
        "MAP@10": 0.10309,
        "NDCG@1": 0.38235,
        "NDCG@3": 0.35334,
        "NDCG@5": 0.33511,
        "NDCG@10": 0.31475,
        "P@1": 0.39938,
        "P@3": 0.34262,
        "P@5": 0.30093,
        "P@10": 0.24737,
        "Recall@5": 0.11467,
        "Recall@50": 0.26445,
        "Recall@100": 0.3215,
        "Recall@1000": 0.65575,
        "MRR@1": 0.40248,
        "MRR@3": 0.48297,
        "MRR@5": 0.49628,
        "MRR@10": 0.50663
      },
      "fiqa": {
        "MAP@10": 0.29166,
        "NDCG@1": 0.35031,
        "NDCG@3": 0.33449,
        "NDCG@5": 0.34255,
        "NDCG@10": 0.37213,
        "P@1": 0.35031,
        "P@3": 0.22479,
        "P@5": 0.16204,
        "P@10": 0.10401,
        "Recall@5": 0.36416,
        "Recall@50": 0.65061,
        "Recall@100": 0.72889,
        "Recall@1000": 0.92078,
        "MRR@1": 0.35031,
        "MRR@3": 0.42335,
        "MRR@5": 0.43454,
        "MRR@10": 0.44823
      },
      "arguana": {
        "MAP@10": 0.43891,
        "NDCG@1": 0.27383,
        "NDCG@3": 0.43493,
        "NDCG@5": 0.48194,
        "NDCG@10": 0.52663,
        "P@1": 0.27383,
        "P@3": 0.18421,
        "P@5": 0.13329,
        "P@10": 0.08051,
        "Recall@5": 0.66643,
        "Recall@50": 0.9559,
        "Recall@100": 0.96871,
        "Recall@1000": 0.99431,
        "MRR@1": 0.27952,
        "MRR@3": 0.39663,
        "MRR@5": 0.42256,
        "MRR@10": 0.44079
      },
      "webis-touche2020": {
        "MAP@10": 0.08347,
        "NDCG@1": 0.21429,
        "NDCG@3": 0.22417,
        "NDCG@5": 0.218,
        "NDCG@10": 0.21491,
        "P@1": 0.2449,
        "P@3": 0.2449,
        "P@5": 0.23265,
        "P@10": 0.19592,
        "Recall@5": 0.0854,
        "Recall@50": 0.34725,
        "Recall@100": 0.48378,
        "Recall@1000": 0.82648,
        "MRR@1": 0.2449,
        "MRR@3": 0.37415,
        "MRR@5": 0.39456,
        "MRR@10": 0.40856
      },
      "quora": {
        "MAP@10": 0.78425,
        "NDCG@1": 0.7394,
        "NDCG@3": 0.79216,
        "NDCG@5": 0.81272,
        "NDCG@10": 0.83038,
        "P@1": 0.7394,
        "P@3": 0.34837,
        "P@5": 0.23232,
        "P@10": 0.12872,
        "Recall@5": 0.87406,
        "Recall@50": 0.97823,
        "Recall@100": 0.98829,
        "Recall@1000": 0.99868,
        "MRR@1": 0.7395,
        "MRR@3": 0.80257,
        "MRR@5": 0.81196,
        "MRR@10": 0.81692
      },
      "scidocs": {
        "MAP@10": 0.11535,
        "NDCG@1": 0.214,
        "NDCG@3": 0.18037,
        "NDCG@5": 0.16121,
        "NDCG@10": 0.19931,
        "P@1": 0.214,
        "P@3": 0.17067,
        "P@5": 0.1452,
        "P@10": 0.1073,
        "Recall@5": 0.14718,
        "Recall@50": 0.40215,
        "Recall@100": 0.484,
        "Recall@1000": 0.7761,
        "MRR@1": 0.214,
        "MRR@3": 0.2955,
        "MRR@5": 0.3169,
        "MRR@10": 0.33246
      },
      "nq": {
        "MAP@10": 0.37559,
        "NDCG@1": 0.27694,
        "NDCG@3": 0.36888,
        "NDCG@5": 0.4075,
        "NDCG@10": 0.44738,
        "P@1": 0.27694,
        "P@3": 0.16879,
        "P@5": 0.12329,
        "P@10": 0.07625,
        "Recall@5": 0.52783,
        "Recall@50": 0.83068,
        "Recall@100": 0.88205,
        "Recall@1000": 0.97106,
        "MRR@1": 0.27694,
        "MRR@3": 0.36419,
        "MRR@5": 0.38459,
        "MRR@10": 0.39986
      },
      "hotpotqa": {
        "MAP@10": 0.47076,
        "NDCG@1": 0.68211,
        "NDCG@3": 0.52379,
        "NDCG@5": 0.54535,
        "NDCG@10": 0.56683,
        "P@1": 0.68211,
        "P@3": 0.3246,
        "P@5": 0.21188,
        "P@10": 0.1167,
        "Recall@5": 0.52971,
        "Recall@50": 0.68352,
        "Recall@100": 0.72147,
        "Recall@1000": 0.82593,
        "MRR@1": 0.68211,
        "MRR@3": 0.7393,
        "MRR@5": 0.74679,
        "MRR@10": 0.75223
      },
      "dbpedia-entity": {
        "MAP@10": 0.15064,
        "NDCG@1": 0.42625,
        "NDCG@3": 0.36037,
        "NDCG@5": 0.34043,
        "NDCG@10": 0.32294,
        "P@1": 0.5625,
        "P@3": 0.40917,
        "P@5": 0.347,
        "P@10": 0.264,
        "Recall@5": 0.1559,
        "Recall@50": 0.36074,
        "Recall@100": 0.43316,
        "Recall@1000": 0.69167,
        "MRR@1": 0.5625,
        "MRR@3": 0.63583,
        "MRR@5": 0.64908,
        "MRR@10": 0.65511
      },
      "fever": {
        "MAP@10": 0.74264,
        "NDCG@1": 0.69127,
        "NDCG@3": 0.76643,
        "NDCG@5": 0.78211,
        "NDCG@10": 0.79326,
        "P@1": 0.69127,
        "P@3": 0.29933,
        "P@5": 0.18875,
        "P@10": 0.09847,
        "Recall@5": 0.86694,
        "Recall@50": 0.93737,
        "Recall@100": 0.94657,
        "Recall@1000": 0.96609,
        "MRR@1": 0.69127,
        "MRR@3": 0.7794,
        "MRR@5": 0.78833,
        "MRR@10": 0.79256
      },
      "climate-fever": {
        "MAP@10": 0.258,
        "NDCG@1": 0.34984,
        "NDCG@3": 0.29911,
        "NDCG@5": 0.31484,
        "NDCG@10": 0.35358,
        "P@1": 0.34984,
        "P@3": 0.22693,
        "P@5": 0.1686,
        "P@10": 0.10977,
        "Recall@5": 0.32605,
        "Recall@50": 0.5803,
        "Recall@100": 0.64936,
        "Recall@1000": 0.83255,
        "MRR@1": 0.34984,
        "MRR@3": 0.44235,
        "MRR@5": 0.45997,
        "MRR@10": 0.47168
      }
    }
  }
}