{
  "label": "Qwen3 (w/o Conv. data)",
  "topiocqa": {
    "MAP@10": 0.1131,
    "NDCG@1": 0.072,
    "NDCG@3": 0.10772,
    "NDCG@5": 0.12028,
    "NDCG@10": 0.13831,
    "P@1": 0.072,
    "P@3": 0.04455,
    "P@5": 0.03286,
    "P@10": 0.02204,
    "Recall@5": 0.16428,
    "Recall@50": 0.36754,
    "Recall@100": 0.43755,
    "Recall@1000": 0.62848,
    "MRR@1": 0.072,
    "MRR@3": 0.09878,
    "MRR@5": 0.10572,
    "MRR@10": 0.1131
  },
  "beir": {
    "msmarco": {
      "NDCG@10": 0.2637,
      "Recall@100": 0.7285,
      "MRR@10": 0.2157,
      "MAP@10": 0.2111
    },
    "scifact": {
      "NDCG@10": 0.6808,
      "Recall@100": 0.9333,
      "MRR@10": 0.6425,
      "MAP@10": 0.6328
    },
    "trec-covid": {
      "NDCG@10": 0.5807,
      "Recall@100": 0.0944,
      "MRR@10": 0.8394,
      "MAP@10": 0.013
    },
    "nfcorpus": {
      "NDCG@10": 0.2978,
      "Recall@100": 0.3099,
      "MRR@10": 0.4827,
      "MAP@10": 0.0969
    },
    "fiqa": {
      "NDCG@10": 0.3858,
      "Recall@100": 0.739,
      "MRR@10": 0.4664,
      "MAP@10": 0.3032
    },
    "arguana": {
      "NDCG@10": 0.5937,
      "Recall@100": 0.9794,
      "MRR@10": 0.5143,
      "MAP@10": 0.5122
    },
    "webis-touche2020": {
      "NDCG@10": 0.1394,
      "Recall@100": 0.3756,
      "MRR@10": 0.2866,
      "MAP@10": 0.0464
    },
    "quora": {
      "NDCG@10": 0.8771,
      "Recall@100": 0.9949,
      "MRR@10": 0.8683,
      "MAP@10": 0.8385
    },
    "scidocs": {
      "NDCG@10": 0.1581,
      "Recall@100": 0.4503,
      "MRR@10": 0.2666,
      "MAP@10": 0.0891
    },
    "nq": {
      "NDCG@10": 0.3561,
      "Recall@100": 0.7993,
      "MRR@10": 0.3138,
      "MAP@10": 0.293
    },
    "hotpotqa": {
      "NDCG@10": 0.6003,
      "Recall@100": 0.7528,
      "MRR@10": 0.7778,
      "MAP@10": 0.5049
    },
    "dbpedia-entity": {
      "NDCG@10": 0.1664,
      "Recall@100": 0.2893,
      "MRR@10": 0.3633,
      "MAP@10": 0.0798
    },
    "fever": {
      "NDCG@10": 0.8328,
      "Recall@100": 0.9517,
      "MRR@10": 0.8394,
      "MAP@10": 0.7898
    },
    "climate-fever": {
      "NDCG@10": 0.3767,
      "Recall@100": 0.6699,
      "MRR@10": 0.4905,
      "MAP@10": 0.2776
    }
  }
}