{
  "A_conversation": {
    "NDCG@10": 0.49357,
    "Recall@100": 0.84367,
    "Recall@1000": 0.90034,
    "MRR@10": 0.44885
  },
  "B_truth_rewrite": {
    "NDCG@10": 0.51174,
    "Recall@100": 0.92331,
    "Recall@1000": 0.96342,
    "MRR@10": 0.45875
  }
}