{
  "A_zeroshot_v3_caps32768": {
    "caps": [
      32768,
      32768,
      32768
    ],
    "metrics": {
      "MAP@10": 0.20522,
      "NDCG@1": 0.13166,
      "NDCG@3": 0.19884,
      "NDCG@5": 0.22154,
      "NDCG@10": 0.24745,
      "P@1": 0.13166,
      "P@3": 0.08274,
      "P@5": 0.06062,
      "P@10": 0.03831,
      "Recall@5": 0.3031,
      "Recall@50": 0.56285,
      "Recall@100": 0.63007,
      "Recall@1000": 0.78401,
      "MRR@1": 0.13166,
      "MRR@3": 0.18185,
      "MRR@5": 0.1945,
      "MRR@10": 0.20522
    }
  },
  "B_instruct3_final_v3_caps512": {
    "caps": [
      64,
      64,
      512
    ],
    "metrics": {
      "MAP@10": 0.4038,
      "NDCG@1": 0.28282,
      "NDCG@3": 0.39982,
      "NDCG@5": 0.43599,
      "NDCG@10": 0.46659,
      "P@1": 0.28282,
      "P@3": 0.1611,
      "P@5": 0.11424,
      "P@10": 0.06651,
      "Recall@5": 0.5712,
      "Recall@50": 0.83055,
      "Recall@100": 0.86874,
      "Recall@1000": 0.95426,
      "MRR@1": 0.28282,
      "MRR@3": 0.37099,
      "MRR@5": 0.39104,
      "MRR@10": 0.4038
    }
  },
  "C_instruct3_final_v3_caps32768": {
    "caps": [
      32768,
      32768,
      32768
    ],
    "metrics": {
      "MAP@10": 0.40418,
      "NDCG@1": 0.28321,
      "NDCG@3": 0.40023,
      "NDCG@5": 0.43575,
      "NDCG@10": 0.46693,
      "P@1": 0.28321,
      "P@3": 0.1611,
      "P@5": 0.11392,
      "P@10": 0.06655,
      "Recall@5": 0.56961,
      "Recall@50": 0.83095,
      "Recall@100": 0.87072,
      "Recall@1000": 0.95386,
      "MRR@1": 0.28321,
      "MRR@3": 0.37152,
      "MRR@5": 0.39121,
      "MRR@10": 0.40418
    }
  }
}